EntryID,Supplier Key,Supply Chain,Top 100,BMW Potential,CSCS,IPO SEA Contacted,CompStatus,Supplier Name,BMW Supplier Nr,Main Product Group,Sub Product Group,Product Portfolio,Industry,Core Process,Main Material,Tech Capability Level,Product Complexity,Ownership Structure,Nationality,Street No RA,RegAddressIE,City RA,Province RA,Country RA,Zip Code RA,Parent Company,SEACompany
39,TH19040813,,,Y,Y,Y,Active,Aapico Forging Pcl.,,MF,6,"Forged parts, Drivetrain, Propeller shafts, Hubs",Metal,Forging / Machining,Steel,H,C,P,Malaysian,700/16 Moo 6,Amata Nakorn Industrial Estate,Muang,Chonburi,THA,20000,,Aapico Grp
40,TH19040816,,,,Y,Y,Active,"Aapico Plastics Public Co,. Ltd. (Rayong Branch)",,MI,33,"Plastic Fuel Tank, Screen Washer System, Helmets, Electronic Parts-Plastic",Plastic,Plastic Injection,Plastic,L,C,P,Malaysian,"7/288 Moo 6, Mabyangporn",Amata City Industrial Estate,Pluakdaeng,Rayong,THA,21140,,Aapico Grp
41,TH19040821,,,,Y,Y,Active,"Abatek (Asia) Co., Ltd.",BMW Supplier,MI,33,"Touchpads, Silicone Keypads, Click Pad, Input Devices, Switches, User Interface, Crack Case Painting",Rubber,Rubberforming / Extrusion,Rubber,L,C,C,Swiss,946,Bangpoo Industrial Estate,Muang,Samutprakarn,THA,10280,,
42,TH19040828,,,,Y,Y,Active,"Able Progress Industry Co., Ltd.",,MK,25,Exterior Mirror For Ford And Mazda Pick Up/SUV Exterior parts,Plastic,Plastic Injection,Plastic,L,C,C,Japan,"16/10 Moo 2, Soi Wat Jedeehoi",,Ladloomkaew,Pathum thani,THA,12140,,Able
43,TH19040829,,,Y,Y,Y,Active,"Able Sanoh Industries (1996) Co., Ltd.",Potential,MA,17,"Tube Assy Fuel, Tube Compl Brake Pipe Comp, Fuel Tube Brake Parts Pipe",Metal,Sheet Metalforming,Steel,L,C,C,Japan,"98 Moo 1, T. Banpho",Hitech Industrial Estate,Bangpa-In,Ayuthaya,THA,13160,Sanoh,Aapico Grp
191,SP1910070643,,,Y,Y,Y,Active,Action Composites Hightech Industries,238072 - 10,MK,4,CFRP parts,CFR,,CFRP,H,C,C,Chinese,No. 4,Nhon Trach 3 Industrial Zone,,Dong Nai Province,VNM,,,
1,TH19040839,,Y,,Y,Y,Active,Adient & Summit Interiors Ltd.,148925-10,MI,33,Door Trim Covers,Leather,Assembly,Leather / Fabric,H,A,C,American,,Eastern Seaboard Industrial Estate,Pluakdaeng,Rayong,THA,21140,Adient,Summit Auto Grp
44,TH19040848,,,y,Y,Y,Active,"Aeroklas Co., Ltd.",233171-10,MK,4,"Auto Accessories, Bedliner, Cargo Liner",Plastic,Plastic Injection,Plastic,L,C,C,Thai,"62 Soi Bangna-Trad25, Bangna-Trad Rd.",,Bangna,Bangkok,THA,10260,,Aeroklas
187,SP1908051652,,,,Y,Y,Active,"AI Foundry & Manufacturing Co.,Ltd.",,MA,6,Iron Casting & Machining,Metal,Casting / Machining,Iron FCD 600-800 (JIS G 5502),M,C,C,Thai,"56 Moo 9 Ladlumkaew-Pathumthani Rd., Kubangluang",,Ladlumkaew,Pathumthani,THA,,,
45,TH19040863,,,Y,,Y,Active,"Aichi Forge Thailand Co., Ltd.",,MA,12,"Crank Shaft Axle Shaft Machining Forging, forged parts",Metal,Precision Machining,Steel,L,C,C,Japan,"150/68 Moo 9, Nongkham",Pinthong Industrial Estate 2,Sriracha,Chonburi,THA,20110,,
46,PH19040868,,,,,Y,Active,"Aikawa Philippines, Inc.",,MA,19,Cooling Fan Stamping | Machning | Plastic Injection Molding | Assembly,Plastic,Plastic Injection,Plastic,L,C,C,Japan,"RBF-F. Road,Lot 15",First Philippine Industrial Park - SEZ,Sto Tomas,Batangas,PHI,4234,,
47,TH19040888,,,,Y,Y,Active,"Akebono Brake (Thailand) Co., Ltd.",,MF,5,Brake Disc Brake Brake Pad Brake Caliper Piston Ma,Metal,Precision Machining,Steel,L,C,C,Japan,700/880 Moo 1,Amata Nakorn Industrial Estate,Phanthong,Chonburi,THA,20160,Akebono,
48,VN19040890,,,,,Y,Active,Akebono Brake Astra Vietnam,,MF,5,"Brake Caliper, Master Cylinder",Metal,Precision Machining,Steel,L,C,C,Japan,Plot F-3,Thang Long II Industrial Park,Yen My,Hung Yen Province,VNM,,Akebono,Astra Otoparts
49,TH19040895,,,Y,Y,Y,Active,"Alexon Co., Ltd.",156514-10,MA,19,"Radiator, Oil Cooler, Radiator Cap Intercooler Rad, cooling systems, cooling module",Aluminum,Assembly,Aluminum,H,C,C,Thai,"51/1 Moo1 Suwintawong St., Klongnakornnuangket",,Muang,Chachoengsao,THA,24000,,
50,TH190408103,,,,,Y,Active,"Alphacast Co., Ltd.",133833-10,MK,4,"Sheet Metal Fabricating Part, investment casting",Metal,Casting / Machining,Steel,L,C,C,Taiwanese,"19/2 Moo7, Nonglee",,Muang,Chonburi,THA,20000,,
2,MY190408108,,Y,Y,Y,Y,Active,Alps Electric (Malaysia) Sdn Bhd,215928-10,MI,2,"Hidden Switch |  Electronics/Electric Parts |  Stamping, EMS",Electronics,Assembly - Mechanical,Plastic,H,A,C,Japan,P.T. 10643,Nilai Industrial Estate,Nilai,Negeri Sembilan,MYS,71800,Alps Electric,
51,MY190408110,,,,,Y,Active,Aluminium Alloy Industries Sdn Bhd (Asahitec),,MA,36,Aluminum Castings,Aluminum,Casting / Machining,Aluminum,L,C,C,Malaysian,Lot 2473,Nilai Industrial Estate,Nilai,Negeri Sembilan,MYS,71800,,
52,MY190408138,,,,Y,Y,Active,APM Air-Conditioners Sdn Bhd,,MA,19,"Air Conditioning Systems, Condensers, Evaporators",,Assembly - Mechanical,,L,C,C,Malaysian,,,,,MYS,,,APM Group
53,MY190408140,,,,Y,Y,Active,APM Climate Control Sdn Bhd,,MA,19,"HVAC Modules, Air-Conditioning System, Condenser, And Evaporator Radiators (Aluminium), cooling systems, cooling module",Aluminum,Assembly - Mechanical,,L,C,C,Malaysian,Lot 600,Pendamaran Industrial Estate,Port Klang,Selangor,MYS,42009,,APM Group
54,MY190408141,,,,Y,Y,Active,APM Coil Spring Sdn Bhd.,,MF,6,"Spring Steel, Shock Absorbers, Back Door,Gs Springs",Metal,Bending / Welding,Steel,L,C,C,Malaysian,Lot 600,Pendamaran Industrial Estate,Port Klang,Selangor,MYS,42009,,APM Group
55,MY190408145,,,,Y,Y,Active,APM Shock Absorbers Sdn Bhd.,,MF,6,Shocks/Struts,,Assembly - Mechanical,,L,C,C,Malaysian,,,,,MYS,,,APM Group
10,SG190408630,,Y,Y,Y,Y,Active,Aptiv Safety & Mobility Services,209732-10,MI,2,"Radar, Connectivity Systems",,,,,,,,501 Ang Mo Kio Industrial Park,,Singapore,Singapore,SGP,569621,APTIV,
56,MY190408162,,,,,Y,Active,Armstrong Auto Parts Sdn Bhd,256172 - 10,MF,5,Control Cable Motorcycle Parts,,Assembly - Mechanical,,L,C,C,Malaysian,1028,Prai Industrial Estate,Prai,Penang,MYS,13600,,Armstrong Oriental grp
57,TH190408181,,,Y,Y,Y,Active,"Asahi Tec Aluminium (Thailand) Co., Ltd.",190614-10,MA,12,Intake Manifold Alloy Wheel Aluminum Die Casting,Aluminum,Casting / Machining,,H,C,C,Japan,700/145 Moo 5,Amata Nakorn Industrial Estate,Muang,Chonburi,THA,20000,,
58,ID190408215,,,,,Y,Active,"Astra Otoparts, Div Nusametal",,MA,12,Aluminum Castings,Aluminum,Casting / Machining,,L,C,C,,,,,,IDN,,,Astra Otoparts
59,MY190408259,,,,,Y,Active,Automotive Industries Sdn Bhd,BMW Supplier,MA,14,Exhaust System,Metal,Sheet Metalforming,Steel,L,C,C,Malaysian,,,,,MYS,,,
35,SP1906220839,,Y,,,Y,Active,"BASF Philippines, Inc",,MI,12,"Plastics, Chemicals, Coatings",Chemical,,Materials,H,C,C,German,"11th Flr HHIC Building
1128 University Parkway",,Taguig,Metro Manila,PHI,1634,BASF,
60,TH190408314,,,,,Y,Active,"Behn Meyer Chemicals (T) Co., Ltd.",,ZZ,7,Polymer,,,,L,O,C,American,,,,,THA,,,
61,TH190408325,,,,Y,Y,Active,"Bestex (Thailand) Co., Ltd.",,MA,12,Engine Mounting Pipe Stamping Rubber-Metal Parts P,Rubber,Sheet Metalforming,,L,C,C,Japan,1/72 Moo 5,Rojana Industrial Park,Uthai,Ayuthaya,THA,13210,,
3,TH190408348,,Y,,Y,Y,Active,"Borgwarner (Thailand) Co., Ltd.",,MA,12,Turbochargers,Metal,Casting / Machining,Steel,H,A,C,German,"700/607 Moo 4,Bankao",Amata Nakorn Industrial Estate,Phanthong,Chonburi,THA,20160,BorgWarner,
190,SP1910021215,,,Y,Y,Y,Active,BorgWarner PDS (Thailand) Ltd.,,MA,12,"power drive systems, starters, transfer cases",Aluminum,Assembly - Mechanical,,H,A,C,American,300/148 Moo 1,Eastern Seaboard Industrial Estate,Pluakdaeng,Rayong,THA,21140,BorgWarner,
4,TH190408349,,Y,,Y,Y,Active,"Bosch Automotive (Thailand) Co., Ltd.",253714 - 10,MF,5,"Brake Boosters, Injection Common Rail System, Automotive Electronics, Windows Wiper / System",Electronics,Assembly,Semiconductors,H,A,C,German,"7/102 Moo 4, Mabyangporn",Amata City Industrial Estate,Pluakdaeng,Rayong,THA,21140,Robert Bosch,
5,TH190408362,,Y,Y,Y,Y,Active,"Brose Thailand Co., Ltd.",230761-10,MK,43,Window Regulator,Metal,Assembly,Steel,H,C,C,German,300/28 Moo 1,Eastern Seaboard Industrial Estate,Pluakdaeng,Rayong,THA,21140,Brose Fahrzeugteile,
6,TH190408399,,Y,,Y,Y,Active,"Calsonic Kansei (Thailand) Co., Ltd.",,MA,19,A/C Electronics/Electric Parts Stampin,Electronics,Assembly,Semiconductors,H,A,C,Japan,700/641 Moo 3,Amata Nakorn Industrial Estate,Phanthong,Chonburi,THA,20160,Marelli,
62,TH190408405,,,Y,Y,Y,Active,"Carbon Magic Co., Ltd.",140566-10,MK,4,"CFRP Parts, Interior Carbon Panels, Aesthetic Materials, Trim, Bumpers, Spoilers",CFR,Assembly,Carbon,H,C,C,Japan,,,Sriracha,Chonburi,THA,20110,,
63,TH190408411,,,,Y,Y,Active,"Castem Thailand Co., Ltd.",134126 - 10,MA,12,"Lost Wax Precision Casting,  Sintering",Metal,Casting / Machining,Steel,L,C,C,Japan,"25 Moo 9 Soi Wat Mahawong, Poochaosamingprai Rd",,Phrapradaeng,Samutprakarn,THA,10130,,
64,TH190408437,,,,Y,Y,Active,Ceva Logistics (Thailand) Ltd.,228634-10,MF,39,Tire Wheel Assembly,Service,,,L,A,C,Danish,1910 New Petchburi Road,,Pluakdaeng,Bangkok,THA,10310,,
65,TH190408443,,,,Y,Y,Active,"Ch Auto Parts Co., Ltd.",,MK,4,Stamping | Welding | Machining | Steel Fuel tank |  Radiator,Metal,Sheet Metalforming,Steel,L,C,C,Thai,"127 Group 2, Soi Suansom,  Samrongthai,  ",,Phrapradaeng,Samutprakarn,THA,10130,,
188,SP1908060946,,,,,Y,Active,"Clasquin (Thailand) Co., Ltd.",,MG,44,Transport and Logistic Services,Service Provider,Logistics / Warehousing / Forwarding,,H,S,C,French,"14th Flr Unit F-G
163 Ocean Insurance Building Surawongse Rd",,Bangrak,Bangkok,THA,15000,,
66,TH190408526,,,Y,Y,Y,Active,"Cobra Advanced Composites Co., Ltd.",220777-10,MK,4,"CFRP Parts, Interior Carbon Panels, Aesthetic Materials, Trim, Bumpers, Spoilers",CFR,Assembly,Carbon,H,A,C,Thai,,Amata Nakorn Industrial Estate,Donhualoh,Chonburi,THA,20000,,
7,TH190408540,,Y,Y,Y,Y,Active,"Continental Automotive (Thailand) Co.,Ltd",,MA,12,"Automotive & Powertrain, Supplier of Mechatronics",Metal,Precision Machining,Steel,H,A,C,German,"16th Floor, G Tower,South Wing,9 Rama9,Road,",,Huaykwang,Bangkok,THA,10310,Continental AG,
8,PH190408543,,Y,Y,Y,Y,Active,"Continental Temic Electronics (Phils.), Inc.",176921-10,MD,34,"Sensor & Automotive Electronics, Automatic Control Parts, Chassis Electronics, Transducers, Speed Sensors",Electronics,Assembly,Semiconductors,H,A,C,German,16 Ring Road L,Light Industry and Science Park 2 - SEZ,Calamba City,Laguna,PHI,4027,Continental AG,
67,TH190408587,,,,,Y,Active,"Daido Manufacturing (Thailand) Co., Ltd.",,MA,38,Plastic Injection Molding Paint Coating Plating,Plastic,Plastic Injection,Plastic,L,C,C,Japan,63/1 Moo 3,Siam Eastern Industrial Park,Pluakdaeng,Rayong,THA,21140,,
68,TH190408589,,,Y,Y,Y,Active,"Daido Sittipol Co., Ltd.",126752-10,MA,12,"Timing Chain, Transmission Drive Chain, Motorcycle Parts",Metal,Precision Machining,Steel,H,A,C,Japan,"60/12 Moo 3, Mabyangporn",Siam Eastern Industrial Park,Pluakdaeng,Rayong,THA,21140,,
69,TH190408603,,,,,Y,Active,Daiwa Asia Ltd,,MF,5,"Wre Harness, Clutch Facing, Brake Pad, door harness, steering harness",Electronics,Assembly - Mechanical,,L,C,C,Japan,"700/649 Moo 3, Bankao",Amata Nakorn Industrial Estate,Phanthong,Chonburi,THA,20160,,
70,MY190408623,,,Y,,Y,Active,Delloyd Industries (M) Sdn Bhd,233264-10,MI,33,"Wheel Cover, Gear Knob, Door Mirrors, Carpet Mat,",,,,L,C,C,Malaysian,,,,,MYS,,,Delloyd
9,ID190408629,,Y,,,Y,Active,Delphi Automotive Systems Indonesia,145656 - 10,MD,41,KBB wire harness assembly,Electronics,Assembly,Semiconductors,H,A,C,Korean,,,,,IDN,,APTIV,
71,TH190408633,,,Y,Y,Y,Active,Delta Electronics (Thailand) Pcl.,217596-10,MA,36,"Vehicle Power Management Products, Converters, Inverters",Electronics,Assembly,Semiconductors,H,A,P,Taiwanese,"909 Soi9,Moo 4, E.P.Z., Prakasa",Bangpoo Industrial Estate,Muang,Samutprakarn,THA,10280,,
11,MY190408638,,Y,,Y,Y,Active,DEM Draexlmaier Automotive Sdn Bhd,198378-10,MD,41,"KBB wire harness, Door Assembly",Electronics,Assembly - Electronic Assy,Semiconductors,H,A,C,German,"Lot PT 115710, Jalan Seramik Chepor 11/6",Ceramic Industrial Park,Chemor,Perak,MYS,31200,Draexlmaier Grp,
12,TH190408642,,Y,,Y,Y,Active,"Denso (Thailand) Co., Ltd. - Bangpakong Plant",,MA,36,Glow Plug Starter Motor Alternator Wiper Motor Mag,,Assembly,,H,A,C,Japan,700/87 Moo 1,Amata Nakorn Industrial Estate,Phanthong,Chonburi,THA,20160,Denso,
72,TH190408673,,,,,Y,Active,"Dongwon Thailand Co., Ltd.",,MA,14,"Muffler, exhaust system",,,,L,C,C,Korean,,,,,THA,,,
13,TH190408685,,Y,,Y,Y,Active,"Draexlmaier Automotive Systems (Thailand) Co., Ltd.",148402-10,MD,41,"Wiring Harness, Door Assembly",Electronics,Assembly,Semiconductors,H,A,C,German,"7/118 Moo 4, Mabyangporn",Amata City Industrial Estate,Pluakdaeng,Rayong,THA,21140,Draexlmaier Grp,
73,MY190408678,,,,,Y,Active,DRB-Hicom Bhd,,,,,,,,,,,,,,,,MYS,,,DRB-Hicom
74,MY190408679,,,,,Y,Active,DRB-Hicom Mechatronics Sdn Bhd,,MD,11,,,,,,,,,"No 7 Lot 2608 Jalan Subang 6
Off PersiaraN",,,Subang,MYS,47610,,DRB-Hicom
75,MY190408680,,,,,Y,Active,Dream EDGE Innovating The Future,,MD,11,"Engineering Services, Software Development, Simulation",,Software Development / Testing,,,,,,Innovation&Technology Center Lot Pt.5285,,Puchong,Kuala Lumpur,MYS,57000,,
76,SG190408689,,,,,Y,Active,Durapower Technology Group,,,,,,,,,,,,"66, Kallang Pudding Road, #05-02, Hor Kew Business Centre, ",,Singapore,Singapore,SGP,349324,,
77,TH190408698,,,,Y,Y,Active,"Eagle Ottawa (Thailand) Co., Ltd.",111913-10,MI,33,Seat Trim Cover,Leather,Assembly,Leather / Fabric,L,C,C,American,140 Moo 4 Huay Prab Pluak Daeng Rd.,,Pluakdaeng,Rayong,THA,21140,,
78,TH190408706,,,,Y,Y,Active,"Echo Autoparts (Thailand) Co., Ltd.",,MK,4,Engine Structure Parts Bumper Exterior Parts Door,Plastic,Plastic Injection,Plastic,L,C,C,Japan,"13/1 Moo 2, Bangna-Trad Km. 41, Tambol Bangwua",,Bangpakong,Chachoengsao,THA,24180,,
79,MY190408708,,,,,Y,Active,Eden Seiki Sdn Bhd,,,,,,,,,,,,,,,,MYS,,,
80,SG190408735,,,,,Y,Active,Energeia Labs Pte. Ltd.,,MA,3,HVB Battery Cooling System,,,,L,C,C,Singaporean,,,Singapore,Singapore,SGP,,,
81,MY190408737,,,,Y,Y,Active,Eng Teknologi Sdn Bhd,,,,,,,,,,,,69-70 Pesara Kampung Jawa,Bayan Lepas Industrial Zone,,Penang,MYS,11900,,
82,TH190408743,,,,Y,Y,Active,"Enkei Thai Co., Ltd.",134967-10,MF,39,"Aluminium Alloy Wheels, Automotive Parts",Aluminum,Casting / Machining,Aluminum,H,C,C,Japan,"444 Moo17,Theparak Rd.,",Bangplee Industrial Estate,Bangsaothong,Samutprakarn,THA,10540,,
83,TH190408744,,,,,Y,Active,Enkei Thailand Mouldings Ltd.,,ZZ,23,Manufacturing And Sales Of Dies For Molding Of Alu,Metal,Assembly,Steel,L,O,C,Japan,444 Moo 17,Bangplee Industrial Estate,Bangsaothong,Samutprakarn,THA,10540,,
14,TH190408759,,Y,,Y,Y,Active,Erae Thailand,,MA,19,"CRFM, HVAC Module, Compressor, Half Shaft, Steering Systems, Cooling systems Cooling Module",Metal,Assembly,Steel,H,A,C,Korean,64/179 Moo 4,Eastern Seaboard Industrial Estate,Pluakdaeng,Rayong,THA,21140,Erae,
84,MY190408761,,,,,Y,Active,Erect Engineering Pressworks Sdn Bhd. (Eepw),,MK,4,Stampings,Metal,Sheet Metalforming,Steel,L,C,C,Malaysian,,,,,MYS,,,
185,SP1907191521,,,,,Y,Active,Ever Win International Corp,,,,"chargers, lifestyle products",,,,,,,,,,,,PHI,,,
85,TH190408789,,,,Y,Y,Active,F.Tech Mfg. (Thailand) Ltd.,,MF,6,"Front Lower Arm, Rear Subframe, Front Subframe, stamping parts",Metal,Sheet Metalforming,Steel,L,C,C,Japan,99 Moo 3,Rojana Industrial Park,Uthai,Ayuthaya,THA,13210,,
86,TH190408793,,,Y,Y,Y,Active,"Fabrinet Co., Ltd.",,MK,22,"Sensors And Actuators, LED Lighting, Laser Headlights",Electronics,Assembly,Semiconductors,H,A,C,American,"5/6 Moo6, Soi Khunpra,Phaholyothin Road, Klongneung",,Khlongluang,Pathumthani,THA,12120,,
15,TH190408811,,Y,,Y,Y,Active,"Faurecia Emissions Control Technologies (Thailand) Co., Ltd.",,MA,14,"Exhaust Pipes & Mufflers,Exhaust Systems",Metal,Sheet Metalforming,Steel,H,A,C,French,61 Moo 4,Eastern Seaboard Industrial Estate,Pluakdaeng,Rayong,THA,21140,Faurecia,
16,TH190408813,,Y,,Y,Y,Active,"Faurecia Interior Systems (Thailand) Co., Ltd.",,MI,33,"Instrument Panel, Tunnel Console , Door Panel , Gl",Leather,Assembly,Leather / Fabric,H,A,C,French,Interchange 21 Building 399 Sukhumvit Road,,Wattana,Bangkok,THA,10110,Faurecia,
37,TH190408858,,N,,,Y,Active,Fortune Parts Industry Pcl.,,MK,4,"Plastic & Metal Body Parts, Rubber, Mold Design & Making, Chroming",Plastic,Plastic Injection,Plastic,L,C,P,Thai,"11/22 Moo 20,Nimitmai Rd.,",,Lamlukka,Pathumthani,THA,12150,,
87,PH190408899,,,,,Y,Active,"Fujitsu Ten Solutions Philippines Co., Ltd.",,MD,36,"Software Development For Audio Visual, Audio, Electronics/Electric Parts, Plastic Injection Molding, Assembly",Electronics,Assembly,Semiconductors,L,C,C,Japan,100 South Science Ave,Laguna Technopark - SEZ,Biñan,Laguna,PHI,1605,,
89,TH190408910,,,Y,Y,Y,Active,"Furukawa Automotive Systems (Thailand) Co., Ltd. (Fast)",,MD,41,"KBB wire harness, Electric Connector, SRC (Steering Roll Connectors), Junction Box",,,,L,C,C,Japan,"789/72 Moo 1, Nongkham",Pinthong Industrial Estate,Sriracha,Chonburi,THA,20230,Furukawa Electric,
88,TH190408907,,,,,Y,Active,"Furukawa Automotive Systems Asia Pacific Co., Ltd.",,MD,11,Wire Harness,Electronics,Assembly - Electronic Assy,Wire Harness,H,,C,Japan,"90 CW Tower A, 21st Floor, Unit A2104, Ratchadapisek Road",,Huai Khwang,Bangkok,THA,10310,Furukawa Electric,
18,TH190408923,,Y,,Y,Y,Active,"Futuris Automotive (Thailand) Co.,Ltd",,MI,33,Interior,,,,L,C,C,Australian,500/120 Moo 3,Hemaraj Eastern Seaboard Industrial Estate,Pluakdaeng,Rayong,THA,21140,Adient,
90,TH190408947,,,,,Y,Active,"Global Thaixon Precision Industry Co., Ltd",,MA,12,"Engine Parts, Break System Parts Suspension Parts",Metal,Precision Machining,Steel,L,C,C,Taiwanese,"99 Moo 1,Bangna-Trad, Km.36,",Wellgrow Industrial Estate,Bangpakong,Chachoengsao,THA,24180,,
19,TH190408953,,Y,Y,Y,Y,Active,Goodyear (Thailand) Pcl.,,MF,39,"Automotive Tires, Tyres",Rubber,Assembly,Rubber,H,A,P,American,"50/9 Phaholyothin Rd. Km.36,Klongnueng",,Khlongluang,Pathumthani,THA,12120,Goodyear Tire,
91,VN190408972,,,Y,Y,Y,Active,Gulf Rubber VN,232181-10,MF,6,"Centering Bush, Propshaft Coupling",Rubber,Rubberforming / Extrusion,Rubber,H,A,C,New Zealand,,,,Ho Chi Minh City,VNM,,,
92,TH190408991,,,Y,Y,Y,Active,"Hanon Systems (Thailand) Co., Ltd.",,MA,19,"Climate Control, Pipe And House Assembly, Powertrain Cooling Radiator",,,,L,C,C,Korean,"64/4 Moo 4, Tambol Pluakdaeng, Amphur Pluakdaeng",Eastern Seaboard Industrial Estate,Pluakdaeng,Rayong,THA,21140,,
26,TH1904081406,,Y,,Y,Y,Active,HAPM Magna Seating (Thailand) Co Ltd,232912-10,MI,33,Seat Assembly,,Assembly,,H,A,C,Canadian,888/1-2 Moo 8 Khaokhansong,WHA Eastern Seaboard Industrial Estate 2,Sriracha,Chonburi,THA,20110,Magna,
93,TH190408997,,,,Y,Y,Active,"Hayakawa Electronics (Thailand) Co., Ltd.",,MD,11,Sub KBB wire harness for Steering/Seat Belt/Speaker etc.,Electronics,Assembly - Electronic Assy,,,,C,Japan,"8/3 Moo 2, Bangna-Trad Km.41",,Bangpakong,Chachoengsao ,THA,24180,,
94,VN190408999,,,,,Y,Active,"Hayakawa Electronics Vietnam Co., Ltd..",,MD,41,"KBB wire harness , Entertainment (Audio Parts), Telem",Electronics,Assembly - Mechanical,,L,C,C,Japan,Lot No.A3,Dai Dong Hoan Son Industrial Park,Tien Du,Bac Ninh Province,VNM,,,
95,MY1904081010,,,,,Y,Active,Hicom Diecastings Sdn Bhd,,MA,12,"Connecting Rods & Pistons, Aluminum Castings",Aluminum,Precision Machining,Aluminum,L,C,C,Malaysian,,,,,MYS,,,DRB-Hicom
96,MY1904081013,,,Y,Y,Y,Active,Hicom Teck See Manufacturing Malaysia Sdn Bhd,233361-10,MK,4,"Plastic Decorative, Chrome Parts, Injection Moulding, Modular Assy",Plastic,Plastic Injection,Plastic,L,C,C,Malaysian,"Lot 76 & 75A, Jalan Sementa 27/91",Kawasan Perindustrian Hicom,Shah Alam,Selangor,MYS,40000,,DRB-Hicom
97,MY1904081017,,,,,Y,Active,Hil Industries Bhd,,MK,4,Plastic Body Panel,Plastic,Plastic Injection,Plastic,L,C,C,Malaysian,"Lot3, Jalan Lada Sulah 16/11, Section 16",,Shah Alam,Selangor,MYS,40000,,
98,TH1904081022,,,,,Y,Active,"Hi-Q Plas Co., Ltd.",,ZZ,23,"Mold Make To Order, Plastic Injection Molding",Plastic,Plastic Injection,Plastic,L,O,C,,"1501, 1351 Moo 13, bigland, Klongnueng",,Khlongluang,Pathumthani,THA,12120,,
99,TH1904081028,,,Y,Y,Y,Active,"Hirotec Manufacturing (Thailand) Co., Ltd.",232076-10,MA,14,"Exhaust Parts Powertrain, stamping parts",Metal,Sheet Metalforming,Steel,H,A,C,Japan,64/102 Moo 4 Tambol Pluakdaeng,Eastern Seaboard Industrial Estate,Pluakdaeng,Rayong,THA,21140,,
100,TH1904081042,,,,Y,Y,Active,Hitachi Metals (Thailand) Ltd.,307116 - 10,MA,12,"Turbo Charger Parts, Egr Valve, Magnet Machining Assembly, Coil Convertor, Sensor For Camera",Electronics,Precision Machining,Semiconductors,H,C,C,Japan,1/60 Moo 5,Rojana Industrial Park,Uthai,Ayuthaya,THA,13210,,
101,SG1904081049,,,,,Y,Active,Hoffmann Quality Tools Asia Pacific Pte.Ltd.,,MF,39,,,,,,,,,25 International Business Park #02-61/64 German Centre,,Singapore,Singapore,SGP,609916,,
102,TH1904081051,,,,Y,Y,Active,"Honda Foundry (Asian) Co., Ltd.",131132-10,MA,6,"Piston, Block Comp Lower, Aluminium Knuckle",Metal,Casting / Machining,"Steel, Aluminium",M,C,C,Japan,"353 Moo 6, Nongrawieng",Suranaree Industrial Zone,Muang,Nakhon Ratchasima,THA,30000,,
183,SP1907111851,,,,,Y,Active,IBPAP IT and Business Process Management in the Philippines,,,,"Software technology, business process outsourcing",,,,,,T,Filipino,"5th Flr C2 Building 
Bonifacio High Street, BGC",,Taguig,Metro Manila,PHI,,,
20,TH1904081084,,Y,Y,Y,Y,Active,"Ichikoh Industries (Thailand) Co,.Ltd.",,MK,22,Lamp Headlamp Rear Combination Lamp License Plate Headlight,Plastic,Plastic Injection,Plastic,H,A,C,Japan,"7/346 Moo 6, Mabyangporn",Amata City Industrial Estate,Pluakdaeng,Rayong,THA,21140,Valeo,
21,MY1904081085,,Y,,Y,Y,Active,Ichikoh Malaysia Sdn Bhd,233267-10,MK,22,Lamp Headlamp Fog Lamp Rear Combination Lamp Outside Headlight,Plastic,Plastic Injection,Plastic,H,A,C,Japan,Lot PT 627,Nilai Industrial Estate,Nilai,Negeri Sembilan,MYS,71800,Valeo,
103,SG1904081091,,,,,Y,Active,Illuminating Asia SG Pte. Ltd.,,MK,22,Smart Leds,,,,,A,C,Singaporean,,,Singapore,Singapore,SGP,,,
104,TH1904081095,,,,,Y,Active,"IME Thailand Co., Ltd.",,MA,,"alternators, motors, stators",,,,,,,Japan,300 Moo 1 Ladtakean,,,Prachinburi,THA,25110,,
105,TH1904081117,,,,Y,Y,Active,"Ingress Autoventures Co., Ltd.",,MK,4,"Egr Pipe Window Frame Glass Run Molding Pipe Roll, Window Sash",Metal,Sheet Metalforming,Steel,L,C,C,Malaysian,64/6 Moo 4,Eastern Seaboard Industrial Estate,Pluakdaeng,Rayong,THA,21140,,
106,MY1904081120,,,Y,Y,Y,Active,Ingress Engineering Sdn Bhd,,MK,4,"Door In White, Body Panels, Heat Management",Plastic,Plastic Injection,Plastic,L,C,C,Malaysian,,,,,MYS,,,Ingress
107,MY1904081122,,,,,Y,Active,Ingress Precision Sdn Bhd,,MK,4,"Window Frame, Windoe Sash, Roll Forming, Windshield Molding, Window Molding",Metal,Sheet Metalforming,Steel,L,C,C,Malaysian,PT 2475-2476 P.O. Box 45,Kawasan Perindustrian Nilai,Nilai,Negeri Sembilan,MYS,71807,,Ingress
108,MY1904081123,,,,Y,Y,Active,Ingress Technologies Sdn Bhd.,,MK,4,Door Modules,Metal,Sheet Metalforming,Steel,L,C,C,Malaysian,,,,,MYS,,,Ingress
109,SG1904081133,,,,,Y,Active,Institute Of Microelectronics,,MD,34,"Silicon Solid-State Lidar, Mems, Sensors, Actuators, Microsystems",,,,,A,C,Singaporean,,,Singapore,Singapore,SGP,,,
